epoch,step,train_loss
0,49,31788.318359375
0,99,17005.8984375
0,149,20739.365234375
0,199,24480.578125
